{
  "lints": [
    {
      "severity": 1,
      "value": "app\\scripts\\app.js::15: Expected rejection to be handled."
    },
    {
      "severity": 1,
      "value": "app\\scripts\\app.js::65: Function 'calculateScoreFromBinary' has a complexity of 33. Maximum allowed is 7."
    },
    {
      "severity": 1,
      "value": "app\\scripts\\app.js::221: refrain from simply logging errors."
    },
    {
      "severity": 1,
      "value": "app\\scripts\\app.js::225: refrain from simply logging errors."
    },
    {
      "severity": 1,
      "value": "app\\scripts\\app.js::243: 'score' declared and assigned in different scopes. Possible asynchronous race condition."
    },
    {
      "severity": 1,
      "value": "app\\scripts\\app.js::245: 'score' declared and assigned in different scopes. Possible asynchronous race condition."
    },
    {
      "severity": 1,
      "value": "app\\scripts\\app.js::308: 'key' is never reassigned. Use 'const' instead."
    },
    {
      "severity": 1,
      "value": "app\\scripts\\app.js::309: 'value' is never reassigned. Use 'const' instead."
    },
    {
      "severity": 1,
      "value": "app\\scripts\\app.js::339: refrain from simply logging errors."
    },
    {
      "severity": 1,
      "value": "app\\scripts\\app.js::344: refrain from simply logging errors."
    },
    {
      "severity": 1,
      "value": "app\\scripts\\app.js::372: 'data' is never reassigned. Use 'const' instead."
    }
  ],
  "coverageSummary": {},
  "coverage": {}
}
